user_input,retrieved_contexts,response,answer_relevancy,nv_context_relevance,faithfulness,nv_response_groundedness
¿Quién fue Joaquín Sorolla?,"['Joaquín Sorolla y Bastida (Valencia, 27 de febrero de 1863-Cercedilla, 10 de agosto de 1923) fue un pintor español. Artista prolífico, dejó más de 2200 obras catalogadas. Su obra madura ha sido etiquetada como impresionista, postimpresionista y luminista.\n\n# Fechas importantes de la vida de Joaquín Sorolla: 1863: El 27 de febrero de 1863 nace Joaquín Sorolla en Valencia. Sus padres Joaquín Sorolla Garcón y María Concepción Bastida Prat son modestos comerciantes de telas, que mueren en una epidemia cuando Sorolla apenas contaba dos años. Es recogido junto con su hermana por sus tíos maternos\n\n. En vida de Joaquín Sorolla esta estancia tuvo diversos usos: sirvió como estudio para exponer la obra del pintor, aquí se organizó en 1912 la exposición homenaje al pintor Aureliano Beruete, íntimo amigo de Sorolla y, seguramente, fue el espacio donde se almacenaron los cuadros para el encargo de la Hispanic Society of America de Nueva York, que por contrato no podían verse antes de su inauguración en EEUU\n\nSALA I- Biografía: Joaquín Sorolla (1863-1923) es uno de los grandes nombres de la pintura española del siglo XX, y ha llegado hasta nosotros como el creador de la imagen optimista de una España luminosa y mediterránea. Junto con Velázquez y Goya, Sorolla es, probablemente, el artista español más querido y popular.Su pintura se enmarca en las corrientes naturalistas de fin de siglo, y numerosos especialistas se han referido a ella como “impresionista” o “luminista”']","Joaquín Sorolla y Bastida fue un pintor español nacido en Valencia el 27 de febrero de 1863 y fallecido en Cercedilla el 10 de agosto de 1923. Fue un artista prolífico que dejó más de 2200 obras catalogadas y su estilo ha sido etiquetado como impresionista, postimpresionista y luminista. Es considerado uno de los grandes nombres de la pintura española del siglo XX y es conocido por crear la imagen optimista de una España luminosa y mediterránea.",0.685767678883639,1.0,,1.0
¿Qué importancia tiene la luz en la pintura de Sorolla?,"['. La amplitud de esta sala bañada por la luz natural, gracias a la presencia de grandes claraboyas y ventanales, la abundancia de objetos personales y de trabajo, y la cantidad y calidad de cuadros de Sorolla que cuelgan de sus paredes, hacen de este espacio un lugar único, detenido en el tiempo, donde la personalidad de Sorolla no se manifiesta solo en su obra pictórica, sino también en un ambiente, en un espacio vivido\n\n.Sorolla no se identificó con los impresionistas pero conoció bien las obras de estos artistas y asimiló su nuevo uso del color, su forma de aplicarlo en pinceladas independientes, apenas mezcladas, para conservar su frescura, sus formas de composición inspiradas en el reciente invento de la fotografía, y sobre todo su absoluta creencia en la necesidad de pintar del natural y, a ser posible, al aire libre\n\n. En vida de Joaquín Sorolla esta estancia tuvo diversos usos: sirvió como estudio para exponer la obra del pintor, aquí se organizó en 1912 la exposición homenaje al pintor Aureliano Beruete, íntimo amigo de Sorolla y, seguramente, fue el espacio donde se almacenaron los cuadros para el encargo de la Hispanic Society of America de Nueva York, que por contrato no podían verse antes de su inauguración en EEUU\n\nSala III: El estudio de Sorolla, el espacio más representativo del Museo. Uno de los talleres de artista mejor conservados.Conserva todavía los utensilios de trabajo del pintor (caballetes, paletas, pinceles) así como otros objetos artísticos de los que le gustaba rodearse. El estudio contiene algunas de las obras más conocidas del artista, como la emblemática ""Paseo a orillas del mar""']","No he encontrado información específica sobre la importancia de la luz en la pintura de Sorolla en el contexto proporcionado. Sin embargo, se menciona que Sorolla asimiló el nuevo uso del color de los impresionistas y su forma de pintar del natural y al aire libre, lo que sugiere que la luz natural podría haber sido importante en su proceso creativo. Además, se destaca la amplitud de la sala del estudio bañada por la luz natural, lo que podría indicar que la luz era un elemento apreciado por el artista en su entorno de trabajo.",0.5004098313812415,1.0,0.6666666666666666,0.5
¿Cuál es la historia del Museo Sorolla?,"['# Datos identificativos del Museo: El Museo Sorolla es un museo de titularidad estatal y gestión directa del Ministerio de Cultura y Deporte, que depende orgánicamente de la Dirección General de Patrimonio Cultural y Bellas Artes a través de la Subdirección General de Museos Estatales. Está dedicado a mostrar la obra del pintor Joaquín Sorolla (Valencia, 1863-Cercedilla, Madrid 1923). Fue creado en 1931, al aceptar el Estado español el legado de la viuda de Sorolla, D\n\n# Historia de la Fundación: La Fundación Museo Sorolla se creó a partir del Legado de Clotilde García del Castillo, viuda del pintor, que en su testamento de 1925 legó al Estado Español los “cuadros, apuntes y dibujos” de Joaquín Sorolla que a ella pertenecían y la casa familiar con los objetos artísticos allí colocados, para que se creara un museo en memoria de su marido\n\nEl Museo Sorolla es un museo estatal español ubicado en un palacete del paseo del General Martínez Campos de Madrid, emplazamiento que sirvió de taller y vivienda al pintor Joaquín Sorolla (1863-1923) junto a su mujer, Clotilde García del Castillo, y sus tres hijos.\n\n. El museo se inauguró en 1932, abriendo al público su planta principal. Era director Joaquín Sorolla y García, hijo del pintor.En aquellos primeros años la labor de Joaquín Sorolla García fue, por un lado, la de conservar la casa museo tal y como él la había conocido como habitante de la misma y, por otro lado, acometer las primeras labores museográficas de la institución']","La historia del Museo Sorolla comienza con el legado de Clotilde García del Castillo, viuda del pintor Joaquín Sorolla, quien en su testamento de 1925 legó al Estado Español los cuadros, apuntes y dibujos de su marido, así como la casa familiar con los objetos artísticos que contenía, con el fin de crear un museo en su memoria. El museo se creó en 1931 y se inauguró en 1932, bajo la dirección de Joaquín Sorolla y García, hijo del pintor. En sus primeros años, la labor del director se centró en conservar la casa museo tal como era y en realizar las primeras labores museográficas de la institución.",0.7184386643600004,1.0,,1.0
¿Dónde se encuentra la casa de Sorolla?,"['# El edificio del museo: la casa Sorolla. Desde sus primeras estancias en Madrid en la década de 1880 hasta la construcción de su casa en 1911, Sorolla tuvo diversos estudios y domicilios en distintos lugares de la ciudad (Plaza el Progreso, Pasaje de la Alhambra, calle Miguel Ángel), y poco a poco se fue formando una idea muy clara de lo que quería para vivir y trabajar, especialmente a partir de su estancia en el último estudio-vivienda de la calle Miguel Ángel.\n\nUn nuevo proyecto: la casa Sorolla. En 1905, el pintor adquirió un solar en el paseo del Obelisco de Madrid (luego calle del General Martínez Campos), junto a la residencia de la actriz María Guerrero. En 1909, encargó el proyecto al arquitecto Enrique María de Repullés y Vargas. Poco después compró un segundo solar contiguo que le permitiría ampliar la zona construida e incorporar tres jardines a la vivienda\n\nSede\nLa casa-museo Sorolla, situada en el Paseo del General Martínez Campos n.º 37 en Madrid, fue construida en 1911, materializando los deseos del pintor Joaquín Sorolla y Bastida de crear un espacio que fusionase el área de trabajo y su vivienda, y que además contase con un espacio de jardín.\n\n. A finales de año la familia se traslada a su nueva casa. 1919: Desde que empieza a trabajar (1912) en el encargo de la Visión de España, con sus paneles gigantescos, Sorolla se somete a continuos viajes, a veces en duras condiciones, lo que va haciendo mella en su salud']",La casa de Sorolla se encuentra en el Paseo del General Martínez Campos n.º 37 en Madrid.,0.4988514925335095,1.0,1.0,1.0
Enumera 5 fechas de la vida de Joaquín Sorolla,"['# Fechas importantes de la vida de Joaquín Sorolla: 1863: El 27 de febrero de 1863 nace Joaquín Sorolla en Valencia. Sus padres Joaquín Sorolla Garcón y María Concepción Bastida Prat son modestos comerciantes de telas, que mueren en una epidemia cuando Sorolla apenas contaba dos años. Es recogido junto con su hermana por sus tíos maternos\n\nJoaquín Sorolla y Bastida (Valencia, 27 de febrero de 1863-Cercedilla, 10 de agosto de 1923) fue un pintor español. Artista prolífico, dejó más de 2200 obras catalogadas. Su obra madura ha sido etiquetada como impresionista, postimpresionista y luminista.\n\nJoaquín Sorolla \nInformación personal\nNombre de nacimiento\tJoaquín Sorolla Bastida\nNacimiento\t27 de febrero de 1863 \nValencia (España) \nFallecimiento\t10 de agosto de 1923  (60 años)\nCercedilla (España)\nSepultura\tCementerio General de Valencia \nNacionalidad\tEspañola\nFamilia: Cónyuge\tClotilde García del Castillo (matr. 1888)\nHijos: Joaquín Sorolla García, Elena Sorolla García, María Sorolla García\nEducación: Educado en\tReal Academia de Bellas Artes de San Carlos\n\nMuerto Joaquín Sorolla García el 2 de marzo de 1948 y como expresaba en su testamento, sus propiedades pasaron a la Fundación del Museo\u200b y tres años después, por una Orden Ministerial del 16 de julio de 1951, se acepta su legado y se añade al de su madre,\u200b sumándose 156 obras más a los fondos de la Fundación.\u200b La dirección fue asumida por Francisco Pons-Sorolla, nieto del pintor e hijo de María Sorolla García y Francisco Pons Arnau']","A continuación, te proporciono 5 fechas importantes de la vida de Joaquín Sorolla:

1. 27 de febrero de 1863: Nacimiento de Joaquín Sorolla en Valencia.
2. 1888: Año en que se casó con Clotilde García del Castillo.
3. 2 de marzo de 1948: Fallecimiento de Joaquín Sorolla García, hijo del pintor.
4. 16 de julio de 1951: Fecha en que se acepta el legado de Joaquín Sorolla García y se añaden 156 obras más a los fondos de la Fundación del Museo.
5. 10 de agosto de 1923: Fallecimiento de Joaquín Sorolla en Cercedilla, a la edad de 60 años.",0.5768313019593394,1.0,,1.0
¿Qué influencia tuvo Sorolla en el arte español?,"['. Este estaba compuesta en un primer momento por los hijos de Sorolla; María, Joaquín y Elena; representantes de diversas instituciones estatales; el Jefe del Estado, que ocupaba la presidencia; el Ministro de Instrucción Pública y Bellas Artes; así como el presidente de la Hispanic Society of America,\u200b para la cual el pintor había realizado uno de los proyectos más ambiciosos de toda su producción artística\n\n. En vida de Joaquín Sorolla esta estancia tuvo diversos usos: sirvió como estudio para exponer la obra del pintor, aquí se organizó en 1912 la exposición homenaje al pintor Aureliano Beruete, íntimo amigo de Sorolla y, seguramente, fue el espacio donde se almacenaron los cuadros para el encargo de la Hispanic Society of America de Nueva York, que por contrato no podían verse antes de su inauguración en EEUU\n\nJoaquín Sorolla y Bastida (Valencia, 27 de febrero de 1863-Cercedilla, 10 de agosto de 1923) fue un pintor español. Artista prolífico, dejó más de 2200 obras catalogadas. Su obra madura ha sido etiquetada como impresionista, postimpresionista y luminista.\n\n. Sorolla estuvo en el mes de enero de 1901 en el estudio de escultura, posando de modelo durante veinte días para su amigo Causarás, que, además de esculpir su estatua, también esculpió aparte un busto-retrato de su cabeza, solamente en terracota, y el vaciado en yeso de la mano derecha de Sorolla en posición de pintar']",No he encontrado información sobre la influencia de Sorolla en el arte español en el contexto proporcionado.,0.6130218841083254,1.0,0.5,0.75
¿Quiénes fueron los amigos de Sorolla?,"['. En vida de Joaquín Sorolla esta estancia tuvo diversos usos: sirvió como estudio para exponer la obra del pintor, aquí se organizó en 1912 la exposición homenaje al pintor Aureliano Beruete, íntimo amigo de Sorolla y, seguramente, fue el espacio donde se almacenaron los cuadros para el encargo de la Hispanic Society of America de Nueva York, que por contrato no podían verse antes de su inauguración en EEUU\n\nMuerto Joaquín Sorolla García el 2 de marzo de 1948 y como expresaba en su testamento, sus propiedades pasaron a la Fundación del Museo\u200b y tres años después, por una Orden Ministerial del 16 de julio de 1951, se acepta su legado y se añade al de su madre,\u200b sumándose 156 obras más a los fondos de la Fundación.\u200b La dirección fue asumida por Francisco Pons-Sorolla, nieto del pintor e hijo de María Sorolla García y Francisco Pons Arnau\n\n. Este estaba compuesta en un primer momento por los hijos de Sorolla; María, Joaquín y Elena; representantes de diversas instituciones estatales; el Jefe del Estado, que ocupaba la presidencia; el Ministro de Instrucción Pública y Bellas Artes; así como el presidente de la Hispanic Society of America,\u200b para la cual el pintor había realizado uno de los proyectos más ambiciosos de toda su producción artística\n\nJoaquín Sorolla \nInformación personal\nNombre de nacimiento\tJoaquín Sorolla Bastida\nNacimiento\t27 de febrero de 1863 \nValencia (España) \nFallecimiento\t10 de agosto de 1923  (60 años)\nCercedilla (España)\nSepultura\tCementerio General de Valencia \nNacionalidad\tEspañola\nFamilia: Cónyuge\tClotilde García del Castillo (matr. 1888)\nHijos: Joaquín Sorolla García, Elena Sorolla García, María Sorolla García\nEducación: Educado en\tReal Academia de Bellas Artes de San Carlos']","Según la información proporcionada, uno de los amigos íntimos de Sorolla fue el pintor Aureliano Beruete. No he encontrado información sobre otros amigos específicos del artista.",0.0,1.0,0.5,1.0
¿Cómo se conserva la colección actualmente?,"['Las colecciones del museo están compuestas por obras del propio Sorolla, objetos personales, así como muchos otros que como coleccionista reunió durante su vida. Del mismo modo, entre la colección se encuentran obras de sus familiares más allegados, como sus hijas María y Helena Sorolla, y de su yerno, Francisco Pons Arnau. La mayor parte de esta proviene del legado y las donaciones realizadas por los propios familiares del pintor, como son su mujer y sus tres hijos\n\n-Mobiliario: La colección de muebles está constituida por 184 piezas que servían a la familia en su vivienda y que en su mayoría se conservan in situ\n\n. Este estaba compuesta en un primer momento por los hijos de Sorolla; María, Joaquín y Elena; representantes de diversas instituciones estatales; el Jefe del Estado, que ocupaba la presidencia; el Ministro de Instrucción Pública y Bellas Artes; así como el presidente de la Hispanic Society of America,\u200b para la cual el pintor había realizado uno de los proyectos más ambiciosos de toda su producción artística\n\nColecciones (Pintura,Dibujo, Escultura, Cerámica, Joyería, Textiles, Mobiliario, Miscelánea, Fotografía antigua)']",No he encontrado información sobre cómo se conserva la colección actualmente.,0.09699430441101743,1.0,,0.75
¿Qué relación tenía Sorolla con Valencia?,"['Por aquel entonces Valencia lo nombró hijo predilecto y meritorio, y le fue dado su nombre a una calle. Tras muchos viajes por Europa, principalmente Inglaterra y Francia, celebró una exposición en París con más de medio millar de obras, lo que le dio un reconocimiento internacional inusitado, conociéndose su obra pictórica por toda Europa y América.\n\nEstudió dibujo en la ""Escuela de Artesanos de Valencia"".\u200b Compartió estudio en la planta baja de la calle Las Avellanas n.º 12 de Valencia con José Vilar y Torres, los hermanos Benlliure —Blas, José y Juan Antonio— e Ignacio Pinazo Camarlench\n\n. Necesitó casi todo el año de 1912 para viajar por todo el país, haciendo bocetos y trabajos de costumbres y paisajes. De esta tarea destacan los óleos pintados en 1916 dedicados a niños y mujeres en las playas de Valencia, donde predomina la libertad de pincelada y la luz de su tierra. Algunos ejemplos son Madre e hija o Pescadora valenciana.\n\n. La exposición se muestra a continuación en la Fine Arts Academy de Búfalo y en la Copley Society de Boston. Ese verano, en un clima de euforia por el éxito obtenido, lo pasa en Valencia con su familia, y en sus playas realiza Sorolla algunas de sus obras más famosas: Paseo a orillas del mar, El baño del caballo o El balandrito. 1910: Sorolla comienza a construir su casa en el entonces Paseo del Obelisco, hoy Pº del General Martínez Campos 37']","Sorolla tenía una relación muy estrecha con Valencia, ya que estudió dibujo en la ""Escuela de Artesanos de Valencia"" y compartió estudio con otros artistas en la ciudad. Además, Valencia lo nombró hijo predilecto y meritorio, y le dedicó una calle con su nombre. Sorolla también pasó mucho tiempo en Valencia con su familia y creó algunas de sus obras más famosas en las playas de la ciudad, como ""Paseo a orillas del mar"", ""El baño del caballo"" o ""El balandrito"". Incluso construyó su casa en el Paseo del Obelisco, hoy Pº del General Martínez Campos 37.",0.6423389781821779,1.0,,1.0
¿Cuál es el contexto histórico del impresionismo?,"['En agosto de 1900, estando en Valencia, su amigo el escultor Ricardo Causarás Casaña fue a visitar a Sorolla para pedirle que posara de modelo vivo para esculpir una estatua de terracota y yeso, algo mayor del natural, que Causarás tenía pensado exponer en la Exposición Nacional de Bellas Artes de Madrid del año 1901\n\n.\u200b Al acabar su formación comenzó a enviar sus obras a concursos provinciales y exposiciones nacionales de bellas artes, como la de Madrid en mayo de 1881, donde presentó tres marinas valencianas que pasaron inadvertidas, pues no encajaban con la pintura oficial, de temática histórica y dramática.\n\n#El encargo de la Hispanic Society: En noviembre de ese mismo año firmó un encargo para la Sociedad Hispánica de América, por el que realizaría catorce murales que decorarían las salas de la institución, y dedicados a las Regiones de España. Con esta obra realizada entre 1913 y 1919, de tres metros y medio de alto por setenta metros de largo, alzó un imborrable monumento a España, pues en ella se representaban escenas características de diversas provincias tanto españolas como portuguesas\n\nYa en el año 1980 se propone un proyecto de ampliación del museo con motivo del cincuenta aniversario de su apertura, lo que le proporcionaría nuevas salas de exposición que más tarde tuvieron que ser cerradas para destinarse al almacenaje de la colección']","No he encontrado información sobre el contexto histórico del impresionismo en el texto proporcionado. El texto se centra en la vida y obra de Sorolla, así como en la historia del Museo Sorolla, pero no menciona el impresionismo.",0.2950953136555337,1.0,,0.5
¿Qué relación tuvo Sorolla con otros artistas de su época?,"['Sala III: El estudio de Sorolla, el espacio más representativo del Museo. Uno de los talleres de artista mejor conservados.Conserva todavía los utensilios de trabajo del pintor (caballetes, paletas, pinceles) así como otros objetos artísticos de los que le gustaba rodearse. El estudio contiene algunas de las obras más conocidas del artista, como la emblemática ""Paseo a orillas del mar""\n\n.Sorolla no se identificó con los impresionistas pero conoció bien las obras de estos artistas y asimiló su nuevo uso del color, su forma de aplicarlo en pinceladas independientes, apenas mezcladas, para conservar su frescura, sus formas de composición inspiradas en el reciente invento de la fotografía, y sobre todo su absoluta creencia en la necesidad de pintar del natural y, a ser posible, al aire libre\n\n. Este estaba compuesta en un primer momento por los hijos de Sorolla; María, Joaquín y Elena; representantes de diversas instituciones estatales; el Jefe del Estado, que ocupaba la presidencia; el Ministro de Instrucción Pública y Bellas Artes; así como el presidente de la Hispanic Society of America,\u200b para la cual el pintor había realizado uno de los proyectos más ambiciosos de toda su producción artística\n\nJoaquín Sorolla y Bastida (Valencia, 27 de febrero de 1863-Cercedilla, 10 de agosto de 1923) fue un pintor español. Artista prolífico, dejó más de 2200 obras catalogadas. Su obra madura ha sido etiquetada como impresionista, postimpresionista y luminista.']","No he encontrado información que detalle específicamente la relación de Sorolla con otros artistas de su época, más allá de que conoció y asimiló el estilo de los impresionistas, aunque no se identificó con ellos.",0.4956076512424031,1.0,,0.75
¿Cómo ha evolucionado el Museo Sorolla desde su fundación?,"['. Desde 1993 la Fundación es una entidad jurídicamente distinta del Museo, pero continúa teniendo su sede en el propio Museo y trabaja en estrecha colaboración con él. Según sus Estatutos: La Fundación “Museo Sorolla” es una Fundación Cultural Privada sin fin de lucro, que tiene afectado de modo duradero su patrimonio a la realización de los fines de interés general que se detallan en el artículo 3 sus Estatutos\n\n. El museo se inauguró en 1932, abriendo al público su planta principal. Era director Joaquín Sorolla y García, hijo del pintor.En aquellos primeros años la labor de Joaquín Sorolla García fue, por un lado, la de conservar la casa museo tal y como él la había conocido como habitante de la misma y, por otro lado, acometer las primeras labores museográficas de la institución\n\n# Datos identificativos del Museo: El Museo Sorolla es un museo de titularidad estatal y gestión directa del Ministerio de Cultura y Deporte, que depende orgánicamente de la Dirección General de Patrimonio Cultural y Bellas Artes a través de la Subdirección General de Museos Estatales. Está dedicado a mostrar la obra del pintor Joaquín Sorolla (Valencia, 1863-Cercedilla, Madrid 1923). Fue creado en 1931, al aceptar el Estado español el legado de la viuda de Sorolla, D\n\n. El Museo Sorolla es desde entonces un museo de titularidad estatal y de gestión directa del Ministerio de Cultura. La Fundación Museo Sorolla sigue funcionando y trabajando en estrecha colaboración con el Museo.']","El Museo Sorolla ha evolucionado significativamente desde su fundación en 1931. Inicialmente, se centró en conservar la casa museo tal como la conocía Joaquín Sorolla y García, hijo del pintor, quien fue su primer director. En sus primeros años, se llevaron a cabo las primeras labores museográficas de la institución. Con el tiempo, el museo ha seguido funcionando como un museo de titularidad estatal y gestión directa del Ministerio de Cultura, mostrando la obra del pintor Joaquín Sorolla. Además, desde 1993, la Fundación Museo Sorolla se estableció como una entidad jurídicamente distinta del museo, pero sigue trabajando en estrecha colaboración con él.",0.6715876212232854,1.0,,1.0
¿Qué técnicas de conservación se aplican a las obras?,"['# Quejas y sugerencias\nLos usuarios podrán presentar sus quejas y sugerencias sobre el funcionamiento del servicio, en las formas que se señalan a continuación:\n- De forma presencial en el Museo, en los registros de recepción y salida de la Administración General del Estado y en los lugares previstos en el artículo 16 de la Ley 39/2015, de 1 de octubre, del Procedimiento Administrativo Común de las Administraciones Públicas.\n\n. Además, siguió con su pintura de denuncia social que tantos éxitos le había reportado en los últimos años con obras como Y aún dicen que el pescado es caro (1894).\u200b\n\nEl edificio fue construido en 1911 bajo la dirección del arquitecto Enrique María Repullés, que materializó los deseos del pintor de crear un espacio que fusionase el área de trabajo y su vivienda y que además contase con un espacio de jardín. La vivienda conserva el ambiente original de muchos de los espacios, además de alojar una amplia colección de obras de Sorolla, así como también numerosos objetos que reunió como coleccionista durante su vida\n\n. Desnudo.\u200b También cuenta con 164 obras de otros pintores como Aureliano de Beruete, Anders Zorn o Martín Rico Ortega.']",No he encontrado información sobre las técnicas de conservación aplicadas a las obras en el contexto proporcionado.,0.28476624135990836,0.5,1.0,0.75
¿Qué papel tuvo la familia de Sorolla en su carrera?,"['. En vida de Joaquín Sorolla esta estancia tuvo diversos usos: sirvió como estudio para exponer la obra del pintor, aquí se organizó en 1912 la exposición homenaje al pintor Aureliano Beruete, íntimo amigo de Sorolla y, seguramente, fue el espacio donde se almacenaron los cuadros para el encargo de la Hispanic Society of America de Nueva York, que por contrato no podían verse antes de su inauguración en EEUU\n\n# El edificio del museo: la casa Sorolla. Desde sus primeras estancias en Madrid en la década de 1880 hasta la construcción de su casa en 1911, Sorolla tuvo diversos estudios y domicilios en distintos lugares de la ciudad (Plaza el Progreso, Pasaje de la Alhambra, calle Miguel Ángel), y poco a poco se fue formando una idea muy clara de lo que quería para vivir y trabajar, especialmente a partir de su estancia en el último estudio-vivienda de la calle Miguel Ángel.\n\nMuerto Joaquín Sorolla García el 2 de marzo de 1948 y como expresaba en su testamento, sus propiedades pasaron a la Fundación del Museo\u200b y tres años después, por una Orden Ministerial del 16 de julio de 1951, se acepta su legado y se añade al de su madre,\u200b sumándose 156 obras más a los fondos de la Fundación.\u200b La dirección fue asumida por Francisco Pons-Sorolla, nieto del pintor e hijo de María Sorolla García y Francisco Pons Arnau\n\n. Este estaba compuesta en un primer momento por los hijos de Sorolla; María, Joaquín y Elena; representantes de diversas instituciones estatales; el Jefe del Estado, que ocupaba la presidencia; el Ministro de Instrucción Pública y Bellas Artes; así como el presidente de la Hispanic Society of America,\u200b para la cual el pintor había realizado uno de los proyectos más ambiciosos de toda su producción artística']","No he encontrado información específica sobre el papel de la familia de Sorolla en su carrera en el contexto proporcionado. Sin embargo, se menciona que la dirección del museo fue asumida por Francisco Pons-Sorolla, nieto del pintor, y que los hijos de Sorolla (María, Joaquín y Elena) formaban parte de la composición inicial de la Fundación del Museo. Esto sugiere que la familia de Sorolla estuvo involucrada en la gestión y preservación de su legado, pero no se proporciona información detallada sobre su papel en su carrera como pintor.",0.44381187457665816,1.0,,0.75
Háblame de la estructura del Museo Sorolla.,"['# Datos identificativos del Museo: El Museo Sorolla es un museo de titularidad estatal y gestión directa del Ministerio de Cultura y Deporte, que depende orgánicamente de la Dirección General de Patrimonio Cultural y Bellas Artes a través de la Subdirección General de Museos Estatales. Está dedicado a mostrar la obra del pintor Joaquín Sorolla (Valencia, 1863-Cercedilla, Madrid 1923). Fue creado en 1931, al aceptar el Estado español el legado de la viuda de Sorolla, D\n\n# Titularidad y gestión: El Museo Sorolla es un museo de titularidad estatal y gestión directa del Ministerio de Cultura. Se rige por la Ley 16/1985, de 25 de junio, de Patrimonio Histórico EspañolEnlace externo, se abre en ventana nueva Nueva ventanay por el Reglamento de Museos de Titularidad Estatal y del Sistema Español de Museos (RD 620/1987, de 10 de abril)Enlace externo, se abre en ventana nueva Nueva ventana.\n\n# Dirección: Enrique Varela Agüí\n\n. El Museo Sorolla es desde entonces un museo de titularidad estatal y de gestión directa del Ministerio de Cultura. La Fundación Museo Sorolla sigue funcionando y trabajando en estrecha colaboración con el Museo.\n\n. Este RD establece en su artículo 2 que “el Museo Sorolla, integrado como museo de titularidad estatal en la Dirección de Museos Estatales de la Dirección General de Bellas Artes y Archivos del Ministerio de Cultura, se regirá por el Reglamento de Museos de titularidad estatal y del Sistema Español de Museos aprobado por Real Decreto 620/1987, de 10 de abril.” En el mismo artículo se deroga el anterior Reglamento del museo (1932)']","No he encontrado información sobre la estructura del Museo Sorolla en el contexto proporcionado. El contexto se centra en la titularidad, gestión y legislación que rige el museo, pero no proporciona detalles sobre su estructura.",0.0,1.0,0.0,0.5
Háblame de las salas del Museo Sorolla,"['# Datos identificativos del Museo: El Museo Sorolla es un museo de titularidad estatal y gestión directa del Ministerio de Cultura y Deporte, que depende orgánicamente de la Dirección General de Patrimonio Cultural y Bellas Artes a través de la Subdirección General de Museos Estatales. Está dedicado a mostrar la obra del pintor Joaquín Sorolla (Valencia, 1863-Cercedilla, Madrid 1923). Fue creado en 1931, al aceptar el Estado español el legado de la viuda de Sorolla, D\n\n# Historia de la Fundación: La Fundación Museo Sorolla se creó a partir del Legado de Clotilde García del Castillo, viuda del pintor, que en su testamento de 1925 legó al Estado Español los “cuadros, apuntes y dibujos” de Joaquín Sorolla que a ella pertenecían y la casa familiar con los objetos artísticos allí colocados, para que se creara un museo en memoria de su marido\n\nServicios del Museo\n\n# #Exposición permanente\nEl Museo Sorolla presenta una amplia colección de las obras maestras del pintor valenciano, así como los muebles, objetos y piezas artísticas de otros autores que formaron parte de su vida cotidiana y de su intimidad creadora y vital, todo ello en la casa-estudio que el propio artista se hizo construir en Madrid.']","No he encontrado información específica sobre las salas del Museo Sorolla en el contexto proporcionado. Sin embargo, puedo decirte que el museo se encuentra en la casa-estudio que el propio artista se hizo construir en Madrid y que alberga una amplia colección de las obras maestras de Joaquín Sorolla, así como los muebles, objetos y piezas artísticas que formaron parte de su vida cotidiana y de su intimidad creadora y vital.",0.6438460312359049,1.0,,0.75
¿Cuál es la simbología del mar en su pintura?,"['. Necesitó casi todo el año de 1912 para viajar por todo el país, haciendo bocetos y trabajos de costumbres y paisajes. De esta tarea destacan los óleos pintados en 1916 dedicados a niños y mujeres en las playas de Valencia, donde predomina la libertad de pincelada y la luz de su tierra. Algunos ejemplos son Madre e hija o Pescadora valenciana.\n\n. La exposición se muestra a continuación en la Fine Arts Academy de Búfalo y en la Copley Society de Boston. Ese verano, en un clima de euforia por el éxito obtenido, lo pasa en Valencia con su familia, y en sus playas realiza Sorolla algunas de sus obras más famosas: Paseo a orillas del mar, El baño del caballo o El balandrito. 1910: Sorolla comienza a construir su casa en el entonces Paseo del Obelisco, hoy Pº del General Martínez Campos 37\n\n. El comedor de la Casa Sorolla es una estancia elegante, decorada con un alto zócalo de mármol que combina los tonos blancos con el rojo que bordea puertas y ventanas. Es la sala mejor conservada del Museo. Todas las piezas se exponen en la ubicación exacta en la que las tenía la familia, excepto la alfombra, que no es original. Sin duda en esta sala destaca el friso de frutas pintado por Sorolla\n\n. En 1914 había sido nombrado académico y, cuando terminó los trabajos para la Hispanic Society, trabajó como profesor de composición y color en la Escuela de Bellas Artes de Madrid. En 1920, mientras pintaba en el jardín de su casa el retrato de la mujer de Ramón Pérez de Ayala, sufrió una hemiplejia que mermó sus facultades físicas y le impidió seguir pintando. Murió tres años después en su residencia veraniega de Cercedilla el 10 de agosto de 1923.']","No he encontrado información específica sobre la simbología del mar en la pintura de Sorolla en el contexto proporcionado. Sin embargo, se menciona que el mar es un tema presente en algunas de sus obras, como ""Paseo a orillas del mar"", ""El baño del caballo"" o ""El balandrito"", realizadas en las playas de Valencia. Esto sugiere que el mar podría tener un significado importante en su obra, pero no se proporciona una explicación explícita sobre su simbología.",0.2582985528832864,1.0,,0.5
¿Qué técnicas innovadoras introdujo Sorolla en su obra?,"['. En vida de Joaquín Sorolla esta estancia tuvo diversos usos: sirvió como estudio para exponer la obra del pintor, aquí se organizó en 1912 la exposición homenaje al pintor Aureliano Beruete, íntimo amigo de Sorolla y, seguramente, fue el espacio donde se almacenaron los cuadros para el encargo de la Hispanic Society of America de Nueva York, que por contrato no podían verse antes de su inauguración en EEUU\n\n. Este estaba compuesta en un primer momento por los hijos de Sorolla; María, Joaquín y Elena; representantes de diversas instituciones estatales; el Jefe del Estado, que ocupaba la presidencia; el Ministro de Instrucción Pública y Bellas Artes; así como el presidente de la Hispanic Society of America,\u200b para la cual el pintor había realizado uno de los proyectos más ambiciosos de toda su producción artística\n\nLas colecciones del museo están compuestas por obras del propio Sorolla, objetos personales, así como muchos otros que como coleccionista reunió durante su vida. Del mismo modo, entre la colección se encuentran obras de sus familiares más allegados, como sus hijas María y Helena Sorolla, y de su yerno, Francisco Pons Arnau. La mayor parte de esta proviene del legado y las donaciones realizadas por los propios familiares del pintor, como son su mujer y sus tres hijos\n\n. Con María ya recuperándose, la familia Sorolla pasa el verano en La Granja donde Sorolla retrata a los reyes y donde realiza obras como María en La Granja o Saltando a la comba y donde empieza a tantear la pintura de jardines.1908: Expone en las Grafton Galleries de Londres 278 obras. Durante esta exposición tiene lugar un acontecimiento de gran trascendencia para Sorolla, la visita del filántropo norteamericano Archer M']",No he encontrado información sobre las técnicas innovadoras que introdujo Sorolla en su obra en el contexto proporcionado.,0.41790711483052245,1.0,0.5,0.75
¿Qué relación tenía Sorolla con la fotografía?,"['-Fotografía antigua: Esta colección es la más extensa del Museo, con 7167 fotografías (copias originales en papel, negativos originales o positivos modernos).\u200b Esta colección fotográfica se debe, en gran medida, a Antonio García Peris, suegro de Sorolla, quien retrató a los miembros de la familia en múltiples ocasiones. El propio pintor también usaría la fotografía como instrumento de documentación para algunos de sus proyectos, como el encargo de la Hispanic Society\n\n.Sorolla no se identificó con los impresionistas pero conoció bien las obras de estos artistas y asimiló su nuevo uso del color, su forma de aplicarlo en pinceladas independientes, apenas mezcladas, para conservar su frescura, sus formas de composición inspiradas en el reciente invento de la fotografía, y sobre todo su absoluta creencia en la necesidad de pintar del natural y, a ser posible, al aire libre\n\n. La amplitud de esta sala bañada por la luz natural, gracias a la presencia de grandes claraboyas y ventanales, la abundancia de objetos personales y de trabajo, y la cantidad y calidad de cuadros de Sorolla que cuelgan de sus paredes, hacen de este espacio un lugar único, detenido en el tiempo, donde la personalidad de Sorolla no se manifiesta solo en su obra pictórica, sino también en un ambiente, en un espacio vivido\n\n. Este estaba compuesta en un primer momento por los hijos de Sorolla; María, Joaquín y Elena; representantes de diversas instituciones estatales; el Jefe del Estado, que ocupaba la presidencia; el Ministro de Instrucción Pública y Bellas Artes; así como el presidente de la Hispanic Society of America,\u200b para la cual el pintor había realizado uno de los proyectos más ambiciosos de toda su producción artística']","Sorolla utilizaba la fotografía como instrumento de documentación para algunos de sus proyectos, como el encargo de la Hispanic Society. Además, su estilo de pintura se vio influenciado por la fotografía, ya que asimiló la forma en que los impresionistas se inspiraron en este medio para componer sus obras y capturar la luz y el color de manera fresca y natural.",0.4248428603264429,1.0,,1.0
¿Qué premios recibió Sorolla durante su carrera?,"['# Datos identificativos del Museo: El Museo Sorolla es un museo de titularidad estatal y gestión directa del Ministerio de Cultura y Deporte, que depende orgánicamente de la Dirección General de Patrimonio Cultural y Bellas Artes a través de la Subdirección General de Museos Estatales. Está dedicado a mostrar la obra del pintor Joaquín Sorolla (Valencia, 1863-Cercedilla, Madrid 1923). Fue creado en 1931, al aceptar el Estado español el legado de la viuda de Sorolla, D\n\nEl Museo Sorolla es un museo estatal español ubicado en un palacete del paseo del General Martínez Campos de Madrid, emplazamiento que sirvió de taller y vivienda al pintor Joaquín Sorolla (1863-1923) junto a su mujer, Clotilde García del Castillo, y sus tres hijos.\n\n. En vida de Joaquín Sorolla esta estancia tuvo diversos usos: sirvió como estudio para exponer la obra del pintor, aquí se organizó en 1912 la exposición homenaje al pintor Aureliano Beruete, íntimo amigo de Sorolla y, seguramente, fue el espacio donde se almacenaron los cuadros para el encargo de la Hispanic Society of America de Nueva York, que por contrato no podían verse antes de su inauguración en EEUU\n\nSala III: El estudio de Sorolla, el espacio más representativo del Museo. Uno de los talleres de artista mejor conservados.Conserva todavía los utensilios de trabajo del pintor (caballetes, paletas, pinceles) así como otros objetos artísticos de los que le gustaba rodearse. El estudio contiene algunas de las obras más conocidas del artista, como la emblemática ""Paseo a orillas del mar""']",No he encontrado información sobre los premios recibidos por Sorolla durante su carrera en el contexto proporcionado.,0.4507426730160741,1.0,,0.25
Resume la historia de Joaquín Sorolla en 5 frases.,"['. En vida de Joaquín Sorolla esta estancia tuvo diversos usos: sirvió como estudio para exponer la obra del pintor, aquí se organizó en 1912 la exposición homenaje al pintor Aureliano Beruete, íntimo amigo de Sorolla y, seguramente, fue el espacio donde se almacenaron los cuadros para el encargo de la Hispanic Society of America de Nueva York, que por contrato no podían verse antes de su inauguración en EEUU\n\n# Fechas importantes de la vida de Joaquín Sorolla: 1863: El 27 de febrero de 1863 nace Joaquín Sorolla en Valencia. Sus padres Joaquín Sorolla Garcón y María Concepción Bastida Prat son modestos comerciantes de telas, que mueren en una epidemia cuando Sorolla apenas contaba dos años. Es recogido junto con su hermana por sus tíos maternos\n\nSede\nLa casa-museo Sorolla, situada en el Paseo del General Martínez Campos n.º 37 en Madrid, fue construida en 1911, materializando los deseos del pintor Joaquín Sorolla y Bastida de crear un espacio que fusionase el área de trabajo y su vivienda, y que además contase con un espacio de jardín.\n\nJoaquín Sorolla y Bastida (Valencia, 27 de febrero de 1863-Cercedilla, 10 de agosto de 1923) fue un pintor español. Artista prolífico, dejó más de 2200 obras catalogadas. Su obra madura ha sido etiquetada como impresionista, postimpresionista y luminista.']","Joaquín Sorolla nació el 27 de febrero de 1863 en Valencia, España. Sus padres, Joaquín Sorolla Garcón y María Concepción Bastida Prat, eran comerciantes de telas y fallecieron cuando Sorolla tenía solo dos años. Fue criado por sus tíos maternos junto con su hermana. Sorolla se convirtió en un pintor prolífico, dejando más de 2200 obras catalogadas, y su estilo ha sido etiquetado como impresionista, postimpresionista y luminista. Finalmente, falleció el 10 de agosto de 1923 en Cercedilla.",0.5764450294895802,1.0,,1.0
Resume la historia del Museo Sorolla en 5 frases.,"['# Datos identificativos del Museo: El Museo Sorolla es un museo de titularidad estatal y gestión directa del Ministerio de Cultura y Deporte, que depende orgánicamente de la Dirección General de Patrimonio Cultural y Bellas Artes a través de la Subdirección General de Museos Estatales. Está dedicado a mostrar la obra del pintor Joaquín Sorolla (Valencia, 1863-Cercedilla, Madrid 1923). Fue creado en 1931, al aceptar el Estado español el legado de la viuda de Sorolla, D\n\n# Historia de la Fundación: La Fundación Museo Sorolla se creó a partir del Legado de Clotilde García del Castillo, viuda del pintor, que en su testamento de 1925 legó al Estado Español los “cuadros, apuntes y dibujos” de Joaquín Sorolla que a ella pertenecían y la casa familiar con los objetos artísticos allí colocados, para que se creara un museo en memoria de su marido\n\nEl Museo Sorolla es un museo estatal español ubicado en un palacete del paseo del General Martínez Campos de Madrid, emplazamiento que sirvió de taller y vivienda al pintor Joaquín Sorolla (1863-1923) junto a su mujer, Clotilde García del Castillo, y sus tres hijos.\n\n# Titularidad y gestión: El Museo Sorolla es un museo de titularidad estatal y gestión directa del Ministerio de Cultura. Se rige por la Ley 16/1985, de 25 de junio, de Patrimonio Histórico EspañolEnlace externo, se abre en ventana nueva Nueva ventanay por el Reglamento de Museos de Titularidad Estatal y del Sistema Español de Museos (RD 620/1987, de 10 de abril)Enlace externo, se abre en ventana nueva Nueva ventana.\n\n# Dirección: Enrique Varela Agüí']","El Museo Sorolla es un museo estatal español ubicado en Madrid, dedicado a mostrar la obra del pintor Joaquín Sorolla. Fue creado en 1931, después de que la viuda de Sorolla, Clotilde García del Castillo, legara al Estado español la casa familiar y la obra de su marido para que se creara un museo en su memoria. La casa, un palacete en el paseo del General Martínez Campos, sirvió de taller y vivienda a la familia Sorolla. El museo se rige por la Ley de Patrimonio Histórico Español y el Reglamento de Museos de Titularidad Estatal. Actualmente, el museo es gestionado directamente por el Ministerio de Cultura y Deporte, con Enrique Varela Agüí como director.",0.7223726302415666,1.0,,1.0
Háblame de la infancia de Joaquín Sorolla.,"['Joaquín Sorolla y Bastida (Valencia, 27 de febrero de 1863-Cercedilla, 10 de agosto de 1923) fue un pintor español. Artista prolífico, dejó más de 2200 obras catalogadas. Su obra madura ha sido etiquetada como impresionista, postimpresionista y luminista.\n\nSALA I- Biografía: Joaquín Sorolla (1863-1923) es uno de los grandes nombres de la pintura española del siglo XX, y ha llegado hasta nosotros como el creador de la imagen optimista de una España luminosa y mediterránea. Junto con Velázquez y Goya, Sorolla es, probablemente, el artista español más querido y popular.Su pintura se enmarca en las corrientes naturalistas de fin de siglo, y numerosos especialistas se han referido a ella como “impresionista” o “luminista”\n\n# Fechas importantes de la vida de Joaquín Sorolla: 1863: El 27 de febrero de 1863 nace Joaquín Sorolla en Valencia. Sus padres Joaquín Sorolla Garcón y María Concepción Bastida Prat son modestos comerciantes de telas, que mueren en una epidemia cuando Sorolla apenas contaba dos años. Es recogido junto con su hermana por sus tíos maternos\n\n. En vida de Joaquín Sorolla esta estancia tuvo diversos usos: sirvió como estudio para exponer la obra del pintor, aquí se organizó en 1912 la exposición homenaje al pintor Aureliano Beruete, íntimo amigo de Sorolla y, seguramente, fue el espacio donde se almacenaron los cuadros para el encargo de la Hispanic Society of America de Nueva York, que por contrato no podían verse antes de su inauguración en EEUU']","Joaquín Sorolla nació en Valencia el 27 de febrero de 1863. Sus padres, Joaquín Sorolla Garcón y María Concepción Bastida Prat, eran modestos comerciantes de telas. Desafortunadamente, murieron en una epidemia cuando Sorolla apenas contaba con dos años de edad. Tras la muerte de sus padres, Sorolla y su hermana fueron recogidos por sus tíos maternos.",0.6088149641206684,1.0,,1.0
Háblame del estilo artístico de Joaquín Sorolla.,"['Joaquín Sorolla y Bastida (Valencia, 27 de febrero de 1863-Cercedilla, 10 de agosto de 1923) fue un pintor español. Artista prolífico, dejó más de 2200 obras catalogadas. Su obra madura ha sido etiquetada como impresionista, postimpresionista y luminista.\n\nSALA I- Biografía: Joaquín Sorolla (1863-1923) es uno de los grandes nombres de la pintura española del siglo XX, y ha llegado hasta nosotros como el creador de la imagen optimista de una España luminosa y mediterránea. Junto con Velázquez y Goya, Sorolla es, probablemente, el artista español más querido y popular.Su pintura se enmarca en las corrientes naturalistas de fin de siglo, y numerosos especialistas se han referido a ella como “impresionista” o “luminista”\n\n.Sorolla no se identificó con los impresionistas pero conoció bien las obras de estos artistas y asimiló su nuevo uso del color, su forma de aplicarlo en pinceladas independientes, apenas mezcladas, para conservar su frescura, sus formas de composición inspiradas en el reciente invento de la fotografía, y sobre todo su absoluta creencia en la necesidad de pintar del natural y, a ser posible, al aire libre\n\n. En vida de Joaquín Sorolla esta estancia tuvo diversos usos: sirvió como estudio para exponer la obra del pintor, aquí se organizó en 1912 la exposición homenaje al pintor Aureliano Beruete, íntimo amigo de Sorolla y, seguramente, fue el espacio donde se almacenaron los cuadros para el encargo de la Hispanic Society of America de Nueva York, que por contrato no podían verse antes de su inauguración en EEUU']","El estilo artístico de Joaquín Sorolla se enmarca en las corrientes naturalistas de fin de siglo y ha sido etiquetado como impresionista, postimpresionista y luminista. Aunque Sorolla no se identificó directamente con los impresionistas, asimiló técnicas y principios de este movimiento, como el uso del color en pinceladas independientes y la importancia de pintar del natural y al aire libre. Su obra refleja una imagen optimista de una España luminosa y mediterránea, caracterizada por un uso fresco y vibrante del color.",0.7408900670547451,1.0,,1.0
Háblame de la relación entre Joaquín Sorolla y su esposa Clotilde.,"['Joaquín Sorolla y Bastida (Valencia, 27 de febrero de 1863-Cercedilla, 10 de agosto de 1923) fue un pintor español. Artista prolífico, dejó más de 2200 obras catalogadas. Su obra madura ha sido etiquetada como impresionista, postimpresionista y luminista.\n\nSALA I- Biografía: Joaquín Sorolla (1863-1923) es uno de los grandes nombres de la pintura española del siglo XX, y ha llegado hasta nosotros como el creador de la imagen optimista de una España luminosa y mediterránea. Junto con Velázquez y Goya, Sorolla es, probablemente, el artista español más querido y popular.Su pintura se enmarca en las corrientes naturalistas de fin de siglo, y numerosos especialistas se han referido a ella como “impresionista” o “luminista”\n\nJoaquín Sorolla \nInformación personal\nNombre de nacimiento\tJoaquín Sorolla Bastida\nNacimiento\t27 de febrero de 1863 \nValencia (España) \nFallecimiento\t10 de agosto de 1923  (60 años)\nCercedilla (España)\nSepultura\tCementerio General de Valencia \nNacionalidad\tEspañola\nFamilia: Cónyuge\tClotilde García del Castillo (matr. 1888)\nHijos: Joaquín Sorolla García, Elena Sorolla García, María Sorolla García\nEducación: Educado en\tReal Academia de Bellas Artes de San Carlos\n\n. En vida de Joaquín Sorolla esta estancia tuvo diversos usos: sirvió como estudio para exponer la obra del pintor, aquí se organizó en 1912 la exposición homenaje al pintor Aureliano Beruete, íntimo amigo de Sorolla y, seguramente, fue el espacio donde se almacenaron los cuadros para el encargo de la Hispanic Society of America de Nueva York, que por contrato no podían verse antes de su inauguración en EEUU']","No he encontrado información detallada sobre la relación entre Joaquín Sorolla y su esposa Clotilde en el contexto proporcionado. Sin embargo, puedo decir que Clotilde García del Castillo fue la esposa de Joaquín Sorolla, con quien se casó en 1888, y que juntos tuvieron tres hijos: Joaquín, Elena y María.",0.6487831375373202,1.0,,0.75
¿Cómo se llamaban hijos tuvo Joaquín Sorolla?,"['. Este estaba compuesta en un primer momento por los hijos de Sorolla; María, Joaquín y Elena; representantes de diversas instituciones estatales; el Jefe del Estado, que ocupaba la presidencia; el Ministro de Instrucción Pública y Bellas Artes; así como el presidente de la Hispanic Society of America,\u200b para la cual el pintor había realizado uno de los proyectos más ambiciosos de toda su producción artística\n\n. En vida de Joaquín Sorolla esta estancia tuvo diversos usos: sirvió como estudio para exponer la obra del pintor, aquí se organizó en 1912 la exposición homenaje al pintor Aureliano Beruete, íntimo amigo de Sorolla y, seguramente, fue el espacio donde se almacenaron los cuadros para el encargo de la Hispanic Society of America de Nueva York, que por contrato no podían verse antes de su inauguración en EEUU\n\n# Fechas importantes de la vida de Joaquín Sorolla: 1863: El 27 de febrero de 1863 nace Joaquín Sorolla en Valencia. Sus padres Joaquín Sorolla Garcón y María Concepción Bastida Prat son modestos comerciantes de telas, que mueren en una epidemia cuando Sorolla apenas contaba dos años. Es recogido junto con su hermana por sus tíos maternos\n\n. En esta sala nos recibe la familia Sorolla a través de una selección de retratos que nos presentan a sus tres hijos: María, Joaquín y Elena y su esposa, Clotilde García del Castillo. En ellos se plasma la capacidad del artista para captar un recuerdo familiar, íntimo y personal. Retratos que nos trasladan unas veces al norte de España y a Biarrtiz y que nos dejan adivinar el veraneo elegante que compartió el pintor con su familia']","Los hijos de Joaquín Sorolla se llamaban María, Joaquín y Elena.",0.5459151048983603,1.0,0.6666666666666666,1.0
Háblame de Joaquín Sorolla García.,"['Muerto Joaquín Sorolla García el 2 de marzo de 1948 y como expresaba en su testamento, sus propiedades pasaron a la Fundación del Museo\u200b y tres años después, por una Orden Ministerial del 16 de julio de 1951, se acepta su legado y se añade al de su madre,\u200b sumándose 156 obras más a los fondos de la Fundación.\u200b La dirección fue asumida por Francisco Pons-Sorolla, nieto del pintor e hijo de María Sorolla García y Francisco Pons Arnau\n\nJoaquín Sorolla \nInformación personal\nNombre de nacimiento\tJoaquín Sorolla Bastida\nNacimiento\t27 de febrero de 1863 \nValencia (España) \nFallecimiento\t10 de agosto de 1923  (60 años)\nCercedilla (España)\nSepultura\tCementerio General de Valencia \nNacionalidad\tEspañola\nFamilia: Cónyuge\tClotilde García del Castillo (matr. 1888)\nHijos: Joaquín Sorolla García, Elena Sorolla García, María Sorolla García\nEducación: Educado en\tReal Academia de Bellas Artes de San Carlos\n\nJoaquín Sorolla y Bastida (Valencia, 27 de febrero de 1863-Cercedilla, 10 de agosto de 1923) fue un pintor español. Artista prolífico, dejó más de 2200 obras catalogadas. Su obra madura ha sido etiquetada como impresionista, postimpresionista y luminista.\n\n# Fechas importantes de la vida de Joaquín Sorolla: 1863: El 27 de febrero de 1863 nace Joaquín Sorolla en Valencia. Sus padres Joaquín Sorolla Garcón y María Concepción Bastida Prat son modestos comerciantes de telas, que mueren en una epidemia cuando Sorolla apenas contaba dos años. Es recogido junto con su hermana por sus tíos maternos']","Joaquín Sorolla García fue el hijo de Joaquín Sorolla Bastida, un pintor español prolífico que dejó más de 2200 obras catalogadas. Nació en una familia de artistas y su padre fue un pintor reconocido en su época. Joaquín Sorolla García es mencionado en el contexto como el hijo de Joaquín Sorolla Bastida y Clotilde García del Castillo, y también se menciona que tuvo hermanas llamadas Elena Sorolla García y María Sorolla García. Desafortunadamente, no hay más información disponible sobre Joaquín Sorolla García en el contexto proporcionado.",0.696849592634051,1.0,,1.0
¿En qué año se inauguró el Museo Sorolla?,"['. El museo se inauguró en 1932, abriendo al público su planta principal. Era director Joaquín Sorolla y García, hijo del pintor.En aquellos primeros años la labor de Joaquín Sorolla García fue, por un lado, la de conservar la casa museo tal y como él la había conocido como habitante de la misma y, por otro lado, acometer las primeras labores museográficas de la institución\n\n# Datos identificativos del Museo: El Museo Sorolla es un museo de titularidad estatal y gestión directa del Ministerio de Cultura y Deporte, que depende orgánicamente de la Dirección General de Patrimonio Cultural y Bellas Artes a través de la Subdirección General de Museos Estatales. Está dedicado a mostrar la obra del pintor Joaquín Sorolla (Valencia, 1863-Cercedilla, Madrid 1923). Fue creado en 1931, al aceptar el Estado español el legado de la viuda de Sorolla, D\n\nEl Museo Sorolla es un museo estatal español ubicado en un palacete del paseo del General Martínez Campos de Madrid, emplazamiento que sirvió de taller y vivienda al pintor Joaquín Sorolla (1863-1923) junto a su mujer, Clotilde García del Castillo, y sus tres hijos.\n\n# Titularidad y gestión: El Museo Sorolla es un museo de titularidad estatal y gestión directa del Ministerio de Cultura. Se rige por la Ley 16/1985, de 25 de junio, de Patrimonio Histórico EspañolEnlace externo, se abre en ventana nueva Nueva ventanay por el Reglamento de Museos de Titularidad Estatal y del Sistema Español de Museos (RD 620/1987, de 10 de abril)Enlace externo, se abre en ventana nueva Nueva ventana.\n\n# Dirección: Enrique Varela Agüí']",El Museo Sorolla se inauguró en 1932.,0.7804718981877351,1.0,1.0,1.0
¿Qué directores ha tenido el Museo Sorolla?,"['. El museo se inauguró en 1932, abriendo al público su planta principal. Era director Joaquín Sorolla y García, hijo del pintor.En aquellos primeros años la labor de Joaquín Sorolla García fue, por un lado, la de conservar la casa museo tal y como él la había conocido como habitante de la misma y, por otro lado, acometer las primeras labores museográficas de la institución\n\nServicios del Museo\n\n# Datos identificativos del Museo: El Museo Sorolla es un museo de titularidad estatal y gestión directa del Ministerio de Cultura y Deporte, que depende orgánicamente de la Dirección General de Patrimonio Cultural y Bellas Artes a través de la Subdirección General de Museos Estatales. Está dedicado a mostrar la obra del pintor Joaquín Sorolla (Valencia, 1863-Cercedilla, Madrid 1923). Fue creado en 1931, al aceptar el Estado español el legado de la viuda de Sorolla, D\n\nEl Museo Sorolla es un museo estatal español ubicado en un palacete del paseo del General Martínez Campos de Madrid, emplazamiento que sirvió de taller y vivienda al pintor Joaquín Sorolla (1863-1923) junto a su mujer, Clotilde García del Castillo, y sus tres hijos.']","Hasta la fecha de mi última actualización, solo he encontrado información sobre un director del Museo Sorolla, que es Joaquín Sorolla y García, hijo del pintor Joaquín Sorolla. No he encontrado información sobre otros directores del museo.",0.7733890383567821,1.0,,1.0
Hazme un recorrido por las salas del Museo Sorolla mencionando obras en cada sala,"['Para la habilitación del edificio como museo, gran parte de su estructuramiento interno fue reformado, a excepción de parte de la planta baja. De este modo, las salas correspondientes en la actualidad a la I, II y III, en su momento conformaban los tres estudios del pintor. La sala I era utilizada como almacén, la II para la exposición de obras del artista y la sala III era el estudio propiamente dicho\n\n# #Exposición permanente\nEl Museo Sorolla presenta una amplia colección de las obras maestras del pintor valenciano, así como los muebles, objetos y piezas artísticas de otros autores que formaron parte de su vida cotidiana y de su intimidad creadora y vital, todo ello en la casa-estudio que el propio artista se hizo construir en Madrid.\n\n. El museo se inauguró en 1932, abriendo al público su planta principal. Era director Joaquín Sorolla y García, hijo del pintor.En aquellos primeros años la labor de Joaquín Sorolla García fue, por un lado, la de conservar la casa museo tal y como él la había conocido como habitante de la misma y, por otro lado, acometer las primeras labores museográficas de la institución\n\n# Publicaciones:El Museo publica guías y catálogos de la colección o de exposiciones temporales, y folletos de actividades culturales y educativas programadas por el Museo. Distribuidas en cada una de las salas de la exposición permanente se encuentran a disposición del público hojas de sala en tres idiomas.']","En el Museo Sorolla, podemos realizar un recorrido por sus salas, aunque no tengo información detallada sobre las obras específicas en cada sala. Sin embargo, puedo mencionar que las salas I, II y III tienen un significado especial, ya que en su momento conformaban los tres estudios del pintor. La sala I era utilizada como almacén, la II para la exposición de obras del artista y la sala III era el estudio propiamente dicho. 

En general, el museo presenta una amplia colección de las obras maestras del pintor valenciano, así como los muebles, objetos y piezas artísticas de otros autores que formaron parte de su vida cotidiana y de su intimidad creadora y vital. Desafortunadamente, no tengo información sobre las obras específicas que se encuentran en cada sala.",0.0,1.0,,1.0
Quién fue el primer director del Museo Sorolla?,"['# Datos identificativos del Museo: El Museo Sorolla es un museo de titularidad estatal y gestión directa del Ministerio de Cultura y Deporte, que depende orgánicamente de la Dirección General de Patrimonio Cultural y Bellas Artes a través de la Subdirección General de Museos Estatales. Está dedicado a mostrar la obra del pintor Joaquín Sorolla (Valencia, 1863-Cercedilla, Madrid 1923). Fue creado en 1931, al aceptar el Estado español el legado de la viuda de Sorolla, D\n\n. El museo se inauguró en 1932, abriendo al público su planta principal. Era director Joaquín Sorolla y García, hijo del pintor.En aquellos primeros años la labor de Joaquín Sorolla García fue, por un lado, la de conservar la casa museo tal y como él la había conocido como habitante de la misma y, por otro lado, acometer las primeras labores museográficas de la institución\n\nEl Museo Sorolla es un museo estatal español ubicado en un palacete del paseo del General Martínez Campos de Madrid, emplazamiento que sirvió de taller y vivienda al pintor Joaquín Sorolla (1863-1923) junto a su mujer, Clotilde García del Castillo, y sus tres hijos.\n\n# Historia de la Fundación: La Fundación Museo Sorolla se creó a partir del Legado de Clotilde García del Castillo, viuda del pintor, que en su testamento de 1925 legó al Estado Español los “cuadros, apuntes y dibujos” de Joaquín Sorolla que a ella pertenecían y la casa familiar con los objetos artísticos allí colocados, para que se creara un museo en memoria de su marido']","El primer director del Museo Sorolla fue Joaquín Sorolla y García, hijo del pintor Joaquín Sorolla.",0.784270731853686,1.0,,1.0
¿Cuándo y por qué falleció Sorolla?,"['. Sorolla estuvo en el mes de enero de 1901 en el estudio de escultura, posando de modelo durante veinte días para su amigo Causarás, que, además de esculpir su estatua, también esculpió aparte un busto-retrato de su cabeza, solamente en terracota, y el vaciado en yeso de la mano derecha de Sorolla en posición de pintar\n\n. Este estaba compuesta en un primer momento por los hijos de Sorolla; María, Joaquín y Elena; representantes de diversas instituciones estatales; el Jefe del Estado, que ocupaba la presidencia; el Ministro de Instrucción Pública y Bellas Artes; así como el presidente de la Hispanic Society of America,\u200b para la cual el pintor había realizado uno de los proyectos más ambiciosos de toda su producción artística\n\n. En vida de Joaquín Sorolla esta estancia tuvo diversos usos: sirvió como estudio para exponer la obra del pintor, aquí se organizó en 1912 la exposición homenaje al pintor Aureliano Beruete, íntimo amigo de Sorolla y, seguramente, fue el espacio donde se almacenaron los cuadros para el encargo de la Hispanic Society of America de Nueva York, que por contrato no podían verse antes de su inauguración en EEUU\n\nMuerto Joaquín Sorolla García el 2 de marzo de 1948 y como expresaba en su testamento, sus propiedades pasaron a la Fundación del Museo\u200b y tres años después, por una Orden Ministerial del 16 de julio de 1951, se acepta su legado y se añade al de su madre,\u200b sumándose 156 obras más a los fondos de la Fundación.\u200b La dirección fue asumida por Francisco Pons-Sorolla, nieto del pintor e hijo de María Sorolla García y Francisco Pons Arnau']","No he encontrado información sobre la causa del fallecimiento de Sorolla, pero sí sobre la fecha: falleció el 10 de junio de 1923, sin embargo, según el contexto proporcionado, Joaquín Sorolla García murió el 2 de marzo de 1948.",0.36644555796474526,1.0,0.6666666666666666,0.25
Tarifas de las entradas del museo,"['Servicios del Museo\n\nEl 27 de abril de 1973 el museo fue incorporado al Patronato Nacional de Museos —suprimido en 1985—, lo que conllevó una mayor profesionalización en su administración, con un conservador-director perteneciente al cuerpo facultativo de conservadores de museos al frente de su gestión. Desde 2009 es un museo nacional de España, adscrito al Ministerio de Cultura con gestión exclusiva de la Dirección General de Bellas Artes\n\nOficina, biblioteca y archivo y atención telefónica: De lunes a viernes: de 9:00 a 14:00 horas.\n\x84\n# Tarifas Precios entradas del museo: Tarifa general: 3,00 €, Tarifa reducida: 1,50 €, Tarjeta anual de museos estatales: 36,06 €, Tarjeta anual del Museo Sorolla: 25,00 €, Tarjeta ocho museos de Madrid: 16 €, Abono cinco museos: 12 €, Abono cuatro museos: 8 €\n\n. Esta integración marcó el inicio de una creciente profesionalización del museo, que pasó a estar gestionado por un conservador-director perteneciente al cuerpo facultativo de conservadores de museos. 1993: La integración en el sistema Español de Museos: El cambio decisivo en la situación jurídica de la Fundación y el Museo se produjo en 1993, por el Real Decreto 1386/1993, de 30 de julio']","Las tarifas de las entradas del Museo Sorolla son las siguientes:

- Tarifa general: 3,00 €
- Tarifa reducida: 1,50 €
- Tarjeta anual de museos estatales: 36,06 €
- Tarjeta anual del Museo Sorolla: 25,00 €
- Tarjeta ocho museos de Madrid: 16 €
- Abono cinco museos: 12 €
- Abono cuatro museos: 8 €",0.4494770336294562,1.0,0.5,1.0
dime el horario de visita,"['# Horarios de visita: De martes a sábado: de 9:30 a 20:00 horas, Domingos y festivos: de 10:00 a 15:00 horas. Cerrado Todos los lunes; el 1 y 6 de enero; el 1 de mayo; el 9 de noviembre (festividad de la Almudena), y los días 24, 25 y 31 de diciembre.\n\nInformación para visitantes\nVisitantes\t346 104 (2023)\nHorario\tDe martes a sábado de 9:30 a 20:00\nDomingo y festivos de 10:00 a 15:00\n\n# visita virtual: También puedes visitar virtualmente la casa-museo, conforme el aspecto que tenía antes del cierre de la institución, en 2024. A través de imágenes de alta calidad es posible recorrer las salas y jardines del Museo Sorolla, explorar sus espacios singulares y conocer más sobre las principales piezas de su colección\n\n- Visitas guiadas realizadas en el año dirigidas a diferentes colectivos. Visitas guiadas realizadas al año para personas con diferentes capacidades.\n- Actividades culturales organizadas en colaboración con otras instituciones.\n- Contestaciones enviadas a las peticiones de visitas guiadas para grupos en el plazo de diez días hábiles desde su recepción y porcentaje sobre el total.']","El horario de visita del Museo Sorolla es el siguiente: 
- De martes a sábado: de 9:30 a 20:00 horas
- Domingos y festivos: de 10:00 a 15:00 horas.
Está cerrado todos los lunes, el 1 y 6 de enero, el 1 de mayo, el 9 de noviembre y los días 24, 25 y 31 de diciembre.",0.4137881802491128,1.0,1.0,1.0
